Timestamp,User Count,Type,Name,Requests/s,Failures/s,50%,66%,75%,80%,90%,95%,98%,99%,99.9%,99.99%,100%,Total Request Count,Total Failure Count,Total Median Response Time,Total Average Response Time,Total Min Response Time,Total Max Response Time,Total Average Content Size
1783172338,0,,Aggregated,0.000000,0.000000,N/A,N/A,N/A,N/A,N/A,N/A,N/A,N/A,N/A,N/A,N/A,0,0,0,0.0,0,0,0
1783172339,1,,Aggregated,0.000000,0.000000,N/A,N/A,N/A,N/A,N/A,N/A,N/A,N/A,N/A,N/A,N/A,0,0,0,0.0,0,0,0
1783172340,2,,Aggregated,0.000000,0.000000,N/A,N/A,N/A,N/A,N/A,N/A,N/A,N/A,N/A,N/A,N/A,0,0,0,0.0,0,0,0
1783172341,3,,Aggregated,0.000000,0.000000,2600,2600,2600,2600,2600,2600,2600,2600,2600,2600,2600,1,0,2612.9088000016054,2612.9088000016054,2612.9088000016054,2612.9088000016054,75.0
1783172342,3,,Aggregated,0.000000,0.000000,2600,2600,2600,2600,2600,2600,2600,2600,2600,2600,2600,1,0,2612.9088000016054,2612.9088000016054,2612.9088000016054,2612.9088000016054,75.0
1783172343,3,,Aggregated,0.333333,0.000000,4000,4000,4000,4000,4000,4000,4000,4000,4000,4000,4000,2,0,2612.9088000016054,3302.8973500040593,2612.9088000016054,3992.885900006513,75.0
1783172344,3,,Aggregated,0.250000,0.000000,3900,3900,4000,4000,4000,4000,4000,4000,4000,4000,4000,3,0,3900,3488.744299999477,2612.9088000016054,3992.885900006513,75.0
1783172345,3,,Aggregated,0.250000,0.000000,3900,3900,4000,4000,4000,4000,4000,4000,4000,4000,4000,3,0,3900,3488.744299999477,2612.9088000016054,3992.885900006513,75.0
1783172346,3,,Aggregated,0.250000,0.000000,3900,3900,4000,4000,4000,4000,4000,4000,4000,4000,4000,3,0,3900,3488.744299999477,2612.9088000016054,3992.885900006513,75.0
1783172347,3,,Aggregated,0.250000,0.000000,3900,3900,4000,4000,4000,4000,4000,4000,4000,4000,4000,3,0,3900,3488.744299999477,2612.9088000016054,3992.885900006513,75.0
1783172348,3,,Aggregated,0.250000,0.000000,3900,3900,4000,4000,4000,4000,4000,4000,4000,4000,4000,3,0,3900,3488.744299999477,2612.9088000016054,3992.885900006513,75.0
1783172349,3,,Aggregated,0.250000,0.000000,3900,3900,4000,4000,4000,4000,4000,4000,4000,4000,4000,3,0,3900,3488.744299999477,2612.9088000016054,3992.885900006513,75.0
1783172350,3,,Aggregated,0.250000,0.000000,3900,3900,4000,4000,4000,4000,4000,4000,4000,4000,4000,3,0,3900,3488.744299999477,2612.9088000016054,3992.885900006513,75.0
1783172351,3,,Aggregated,0.250000,0.000000,3900,3900,4000,4000,4000,4000,4000,4000,4000,4000,4000,3,0,3900,3488.744299999477,2612.9088000016054,3992.885900006513,75.0
1783172352,3,,Aggregated,0.250000,0.000000,3900,3900,4000,4000,4000,4000,4000,4000,4000,4000,4000,3,0,3900,3488.744299999477,2612.9088000016054,3992.885900006513,75.0
1783172353,3,,Aggregated,0.300000,0.000000,4000,4000,12000,12000,12000,12000,12000,12000,12000,12000,12000,4,0,3900,5574.858699998003,2612.9088000016054,11833.201899993583,158.0
1783172354,3,,Aggregated,0.300000,0.000000,4000,4000,12000,12000,12000,12000,12000,12000,12000,12000,12000,4,0,3900,5574.858699998003,2612.9088000016054,11833.201899993583,158.0
1783172355,3,,Aggregated,0.300000,0.000000,4000,4000,12000,12000,12000,12000,12000,12000,12000,12000,12000,4,0,3900,5574.858699998003,2612.9088000016054,11833.201899993583,158.0
1783172356,3,,Aggregated,0.300000,0.000000,4000,4000,12000,12000,12000,12000,12000,12000,12000,12000,12000,4,0,3900,5574.858699998003,2612.9088000016054,11833.201899993583,158.0
1783172357,3,,Aggregated,0.200000,0.000000,4000,12000,12000,13000,13000,13000,13000,13000,13000,13000,13000,5,0,4000,7111.705899998196,2612.9088000016054,13259.094699998968,198.6
1783172358,3,,Aggregated,0.200000,0.000000,4000,12000,12000,13000,13000,13000,13000,13000,13000,13000,13000,5,0,4000,7111.705899998196,2612.9088000016054,13259.094699998968,198.6
1783172359,3,,Aggregated,0.200000,0.000000,4000,12000,12000,13000,13000,13000,13000,13000,13000,13000,13000,5,0,4000,7111.705899998196,2612.9088000016054,13259.094699998968,198.6
1783172360,3,,Aggregated,0.200000,0.000000,4000,12000,12000,13000,13000,13000,13000,13000,13000,13000,13000,5,0,4000,7111.705899998196,2612.9088000016054,13259.094699998968,198.6
1783172361,3,,Aggregated,0.200000,0.000000,4000,12000,12000,13000,13000,13000,13000,13000,13000,13000,13000,5,0,4000,7111.705899998196,2612.9088000016054,13259.094699998968,198.6
1783172362,3,,Aggregated,0.200000,0.000000,4000,12000,12000,13000,13000,13000,13000,13000,13000,13000,13000,5,0,4000,7111.705899998196,2612.9088000016054,13259.094699998968,198.6
1783172363,3,,Aggregated,0.200000,0.000000,4000,12000,12000,13000,13000,13000,13000,13000,13000,13000,13000,5,0,4000,7111.705899998196,2612.9088000016054,13259.094699998968,198.6
1783172364,3,,Aggregated,0.200000,0.000000,4000,12000,12000,13000,13000,13000,13000,13000,13000,13000,13000,5,0,4000,7111.705899998196,2612.9088000016054,13259.094699998968,198.6
1783172365,3,,Aggregated,0.200000,0.000000,4000,12000,12000,13000,13000,13000,13000,13000,13000,13000,13000,5,0,4000,7111.705899998196,2612.9088000016054,13259.094699998968,198.6
1783172366,3,,Aggregated,0.200000,0.000000,4000,12000,12000,13000,13000,13000,13000,13000,13000,13000,13000,5,0,4000,7111.705899998196,2612.9088000016054,13259.094699998968,198.6
1783172367,3,,Aggregated,0.200000,0.000000,4000,12000,12000,13000,13000,13000,13000,13000,13000,13000,13000,5,0,4000,7111.705899998196,2612.9088000016054,13259.094699998968,198.6
1783172368,3,,Aggregated,0.200000,0.000000,4000,12000,12000,13000,13000,13000,13000,13000,13000,13000,13000,5,0,4000,7111.705899998196,2612.9088000016054,13259.094699998968,198.6
1783172369,3,,Aggregated,0.200000,0.000000,4000,12000,12000,13000,13000,13000,13000,13000,13000,13000,13000,5,0,4000,7111.705899998196,2612.9088000016054,13259.094699998968,198.6
1783172370,3,,Aggregated,0.200000,0.000000,4000,12000,12000,13000,13000,13000,13000,13000,13000,13000,13000,5,0,4000,7111.705899998196,2612.9088000016054,13259.094699998968,198.6
1783172371,3,,Aggregated,0.200000,0.000000,4000,12000,12000,13000,13000,13000,13000,13000,13000,13000,13000,5,0,4000,7111.705899998196,2612.9088000016054,13259.094699998968,198.6
1783172372,3,,Aggregated,0.200000,0.000000,4000,12000,12000,13000,13000,13000,13000,13000,13000,13000,13000,5,0,4000,7111.705899998196,2612.9088000016054,13259.094699998968,198.6
1783172373,3,,Aggregated,0.200000,0.000000,4000,12000,12000,13000,13000,13000,13000,13000,13000,13000,13000,5,0,4000,7111.705899998196,2612.9088000016054,13259.094699998968,198.6
1783172374,3,,Aggregated,0.200000,0.000000,4000,12000,12000,13000,13000,13000,13000,13000,13000,13000,13000,5,0,4000,7111.705899998196,2612.9088000016054,13259.094699998968,198.6
1783172375,3,,Aggregated,0.200000,0.000000,4000,12000,12000,13000,13000,13000,13000,13000,13000,13000,13000,5,0,4000,7111.705899998196,2612.9088000016054,13259.094699998968,198.6
1783172376,3,,Aggregated,0.200000,0.000000,4000,12000,12000,13000,13000,13000,13000,13000,13000,13000,13000,5,0,4000,7111.705899998196,2612.9088000016054,13259.094699998968,198.6
1783172377,3,,Aggregated,0.200000,0.000000,4000,12000,12000,13000,13000,13000,13000,13000,13000,13000,13000,5,0,4000,7111.705899998196,2612.9088000016054,13259.094699998968,198.6
1783172378,3,,Aggregated,0.200000,0.000000,4000,12000,12000,13000,13000,13000,13000,13000,13000,13000,13000,5,0,4000,7111.705899998196,2612.9088000016054,13259.094699998968,198.6
1783172379,3,,Aggregated,0.200000,0.000000,4000,12000,12000,13000,13000,13000,13000,13000,13000,13000,13000,5,0,4000,7111.705899998196,2612.9088000016054,13259.094699998968,198.6
1783172380,3,,Aggregated,0.200000,0.000000,4000,12000,12000,13000,13000,13000,13000,13000,13000,13000,13000,5,0,4000,7111.705899998196,2612.9088000016054,13259.094699998968,198.6
1783172381,3,,Aggregated,0.200000,0.000000,4000,12000,12000,13000,13000,13000,13000,13000,13000,13000,13000,5,0,4000,7111.705899998196,2612.9088000016054,13259.094699998968,198.6
1783172382,3,,Aggregated,0.200000,0.000000,4000,12000,12000,13000,13000,13000,13000,13000,13000,13000,13000,5,0,4000,7111.705899998196,2612.9088000016054,13259.094699998968,198.6
1783172383,3,,Aggregated,0.200000,0.000000,4000,12000,12000,13000,13000,13000,13000,13000,13000,13000,13000,5,0,4000,7111.705899998196,2612.9088000016054,13259.094699998968,198.6
1783172384,3,,Aggregated,0.000000,0.000000,12000,12000,13000,13000,40000,40000,40000,40000,40000,40000,40000,6,0,4000,12637.54306666427,2612.9088000016054,40266.72889999463,218.0
1783172385,3,,Aggregated,0.000000,0.000000,12000,12000,13000,13000,40000,40000,40000,40000,40000,40000,40000,6,0,4000,12637.54306666427,2612.9088000016054,40266.72889999463,218.0
1783172386,3,,Aggregated,0.000000,0.000000,12000,12000,13000,13000,40000,40000,40000,40000,40000,40000,40000,6,0,4000,12637.54306666427,2612.9088000016054,40266.72889999463,218.0
1783172387,3,,Aggregated,0.000000,0.000000,12000,12000,13000,13000,40000,40000,40000,40000,40000,40000,40000,6,0,4000,12637.54306666427,2612.9088000016054,40266.72889999463,218.0
1783172388,3,,Aggregated,0.000000,0.000000,12000,12000,13000,13000,40000,40000,40000,40000,40000,40000,40000,6,0,4000,12637.54306666427,2612.9088000016054,40266.72889999463,218.0
1783172389,3,,Aggregated,0.000000,0.000000,12000,12000,13000,13000,40000,40000,40000,40000,40000,40000,40000,6,0,4000,12637.54306666427,2612.9088000016054,40266.72889999463,218.0
1783172390,3,,Aggregated,0.000000,0.000000,12000,12000,13000,13000,40000,40000,40000,40000,40000,40000,40000,6,0,4000,12637.54306666427,2612.9088000016054,40266.72889999463,218.0
1783172391,3,,Aggregated,0.000000,0.000000,12000,12000,13000,13000,40000,40000,40000,40000,40000,40000,40000,6,0,4000,12637.54306666427,2612.9088000016054,40266.72889999463,218.0
1783172392,3,,Aggregated,0.000000,0.000000,12000,12000,13000,13000,40000,40000,40000,40000,40000,40000,40000,6,0,4000,12637.54306666427,2612.9088000016054,40266.72889999463,218.0
1783172393,3,,Aggregated,0.000000,0.000000,12000,12000,13000,13000,40000,40000,40000,40000,40000,40000,40000,6,0,4000,12637.54306666427,2612.9088000016054,40266.72889999463,218.0
1783172394,3,,Aggregated,0.000000,0.000000,12000,12000,13000,13000,40000,40000,40000,40000,40000,40000,40000,6,0,4000,12637.54306666427,2612.9088000016054,40266.72889999463,218.0
1783172395,3,,Aggregated,0.000000,0.000000,12000,12000,13000,13000,40000,40000,40000,40000,40000,40000,40000,6,0,4000,12637.54306666427,2612.9088000016054,40266.72889999463,218.0
1783172396,3,,Aggregated,0.000000,0.000000,12000,12000,13000,13000,40000,40000,40000,40000,40000,40000,40000,6,0,4000,12637.54306666427,2612.9088000016054,40266.72889999463,218.0
1783172397,3,,Aggregated,0.000000,0.000000,12000,12000,13000,13000,40000,40000,40000,40000,40000,40000,40000,6,0,4000,12637.54306666427,2612.9088000016054,40266.72889999463,218.0
1783172398,3,,Aggregated,0.000000,0.000000,12000,12000,13000,13000,40000,40000,40000,40000,40000,40000,40000,6,0,4000,12637.54306666427,2612.9088000016054,40266.72889999463,218.0
1783172399,3,,Aggregated,0.000000,0.000000,12000,12000,13000,13000,40000,40000,40000,40000,40000,40000,40000,6,0,4000,12637.54306666427,2612.9088000016054,40266.72889999463,218.0
1783172400,3,,Aggregated,0.000000,0.000000,12000,12000,13000,13000,40000,40000,40000,40000,40000,40000,40000,6,0,4000,12637.54306666427,2612.9088000016054,40266.72889999463,218.0
1783172401,3,,Aggregated,0.000000,0.000000,12000,12000,13000,13000,40000,40000,40000,40000,40000,40000,40000,6,0,4000,12637.54306666427,2612.9088000016054,40266.72889999463,218.0
1783172402,3,,Aggregated,0.000000,0.000000,12000,12000,13000,13000,40000,40000,40000,40000,40000,40000,40000,6,0,4000,12637.54306666427,2612.9088000016054,40266.72889999463,218.0
1783172403,3,,Aggregated,0.000000,0.000000,12000,12000,13000,13000,40000,40000,40000,40000,40000,40000,40000,6,0,4000,12637.54306666427,2612.9088000016054,40266.72889999463,218.0
1783172404,3,,Aggregated,0.000000,0.000000,12000,12000,13000,13000,40000,40000,40000,40000,40000,40000,40000,6,0,4000,12637.54306666427,2612.9088000016054,40266.72889999463,218.0
1783172405,3,,Aggregated,0.000000,0.000000,12000,12000,13000,13000,40000,40000,40000,40000,40000,40000,40000,6,0,4000,12637.54306666427,2612.9088000016054,40266.72889999463,218.0
1783172406,3,,Aggregated,0.000000,0.000000,12000,12000,13000,13000,40000,40000,40000,40000,40000,40000,40000,6,0,4000,12637.54306666427,2612.9088000016054,40266.72889999463,218.0
1783172407,3,,Aggregated,0.000000,0.000000,12000,12000,13000,13000,40000,40000,40000,40000,40000,40000,40000,6,0,4000,12637.54306666427,2612.9088000016054,40266.72889999463,218.0
1783172408,3,,Aggregated,0.000000,0.000000,12000,12000,13000,13000,40000,40000,40000,40000,40000,40000,40000,6,0,4000,12637.54306666427,2612.9088000016054,40266.72889999463,218.0
1783172409,3,,Aggregated,0.000000,0.000000,12000,12000,13000,13000,40000,40000,40000,40000,40000,40000,40000,6,0,4000,12637.54306666427,2612.9088000016054,40266.72889999463,218.0
1783172410,3,,Aggregated,0.000000,0.000000,12000,12000,13000,13000,40000,40000,40000,40000,40000,40000,40000,6,0,4000,12637.54306666427,2612.9088000016054,40266.72889999463,218.0
1783172411,3,,Aggregated,0.000000,0.000000,12000,12000,13000,13000,40000,40000,40000,40000,40000,40000,40000,6,0,4000,12637.54306666427,2612.9088000016054,40266.72889999463,218.0
1783172412,3,,Aggregated,0.000000,0.000000,12000,12000,13000,13000,40000,40000,40000,40000,40000,40000,40000,6,0,4000,12637.54306666427,2612.9088000016054,40266.72889999463,218.0
1783172413,3,,Aggregated,0.000000,0.000000,12000,12000,13000,13000,40000,40000,40000,40000,40000,40000,40000,6,0,4000,12637.54306666427,2612.9088000016054,40266.72889999463,218.0
1783172414,3,,Aggregated,0.000000,0.000000,12000,12000,13000,13000,40000,40000,40000,40000,40000,40000,40000,6,0,4000,12637.54306666427,2612.9088000016054,40266.72889999463,218.0
1783172415,3,,Aggregated,0.000000,0.000000,12000,12000,13000,13000,40000,40000,40000,40000,40000,40000,40000,6,0,4000,12637.54306666427,2612.9088000016054,40266.72889999463,218.0
1783172416,3,,Aggregated,0.000000,0.000000,12000,12000,13000,13000,40000,40000,40000,40000,40000,40000,40000,6,0,4000,12637.54306666427,2612.9088000016054,40266.72889999463,218.0
1783172417,3,,Aggregated,0.000000,0.000000,12000,12000,13000,13000,40000,40000,40000,40000,40000,40000,40000,6,0,4000,12637.54306666427,2612.9088000016054,40266.72889999463,218.0
1783172419,3,,Aggregated,0.000000,0.000000,12000,12000,13000,13000,40000,40000,40000,40000,40000,40000,40000,6,0,4000,12637.54306666427,2612.9088000016054,40266.72889999463,218.0
1783172420,3,,Aggregated,0.000000,0.000000,12000,12000,13000,13000,40000,40000,40000,40000,40000,40000,40000,6,0,4000,12637.54306666427,2612.9088000016054,40266.72889999463,218.0
1783172421,3,,Aggregated,0.000000,0.000000,12000,12000,13000,13000,40000,40000,40000,40000,40000,40000,40000,6,0,4000,12637.54306666427,2612.9088000016054,40266.72889999463,218.0
1783172422,3,,Aggregated,0.000000,0.000000,12000,12000,13000,13000,40000,40000,40000,40000,40000,40000,40000,6,0,4000,12637.54306666427,2612.9088000016054,40266.72889999463,218.0
1783172423,3,,Aggregated,0.000000,0.000000,12000,12000,13000,13000,40000,40000,40000,40000,40000,40000,40000,6,0,4000,12637.54306666427,2612.9088000016054,40266.72889999463,218.0
1783172424,3,,Aggregated,0.000000,0.000000,12000,12000,13000,13000,40000,40000,40000,40000,40000,40000,40000,6,0,4000,12637.54306666427,2612.9088000016054,40266.72889999463,218.0
1783172425,3,,Aggregated,0.000000,0.000000,12000,12000,13000,13000,40000,40000,40000,40000,40000,40000,40000,6,0,4000,12637.54306666427,2612.9088000016054,40266.72889999463,218.0
1783172426,3,,Aggregated,0.000000,0.000000,12000,12000,13000,13000,40000,40000,40000,40000,40000,40000,40000,6,0,4000,12637.54306666427,2612.9088000016054,40266.72889999463,218.0
1783172427,3,,Aggregated,0.000000,0.000000,12000,12000,13000,13000,40000,40000,40000,40000,40000,40000,40000,6,0,4000,12637.54306666427,2612.9088000016054,40266.72889999463,218.0
1783172428,3,,Aggregated,0.000000,0.000000,12000,12000,13000,13000,40000,40000,40000,40000,40000,40000,40000,6,0,4000,12637.54306666427,2612.9088000016054,40266.72889999463,218.0
1783172429,3,,Aggregated,0.000000,0.000000,12000,12000,13000,13000,40000,40000,40000,40000,40000,40000,40000,6,0,4000,12637.54306666427,2612.9088000016054,40266.72889999463,218.0
1783172430,3,,Aggregated,0.000000,0.000000,12000,12000,13000,13000,40000,40000,40000,40000,40000,40000,40000,6,0,4000,12637.54306666427,2612.9088000016054,40266.72889999463,218.0
1783172431,3,,Aggregated,0.000000,0.000000,12000,12000,13000,13000,40000,40000,40000,40000,40000,40000,40000,6,0,4000,12637.54306666427,2612.9088000016054,40266.72889999463,218.0
1783172432,3,,Aggregated,0.000000,0.000000,12000,12000,13000,13000,40000,40000,40000,40000,40000,40000,40000,6,0,4000,12637.54306666427,2612.9088000016054,40266.72889999463,218.0
1783172433,3,,Aggregated,0.000000,0.000000,12000,12000,13000,13000,40000,40000,40000,40000,40000,40000,40000,6,0,4000,12637.54306666427,2612.9088000016054,40266.72889999463,218.0
1783172434,3,,Aggregated,0.000000,0.000000,12000,12000,13000,13000,40000,40000,40000,40000,40000,40000,40000,6,0,4000,12637.54306666427,2612.9088000016054,40266.72889999463,218.0
1783172435,3,,Aggregated,0.000000,0.000000,12000,12000,13000,13000,40000,40000,40000,40000,40000,40000,40000,6,0,4000,12637.54306666427,2612.9088000016054,40266.72889999463,218.0
1783172436,3,,Aggregated,0.000000,0.000000,12000,12000,13000,13000,40000,40000,40000,40000,40000,40000,40000,6,0,4000,12637.54306666427,2612.9088000016054,40266.72889999463,218.0
1783172437,3,,Aggregated,0.000000,0.000000,12000,12000,13000,13000,40000,40000,40000,40000,40000,40000,40000,6,0,4000,12637.54306666427,2612.9088000016054,40266.72889999463,218.0
1783172438,3,,Aggregated,0.000000,0.000000,12000,12000,13000,13000,40000,40000,40000,40000,40000,40000,40000,6,0,4000,12637.54306666427,2612.9088000016054,40266.72889999463,218.0
1783172439,3,,Aggregated,0.000000,0.000000,12000,12000,13000,13000,40000,40000,40000,40000,40000,40000,40000,6,0,4000,12637.54306666427,2612.9088000016054,40266.72889999463,218.0
1783172440,3,,Aggregated,0.000000,0.000000,12000,12000,13000,13000,40000,40000,40000,40000,40000,40000,40000,6,0,4000,12637.54306666427,2612.9088000016054,40266.72889999463,218.0
1783172441,3,,Aggregated,0.000000,0.000000,12000,12000,13000,13000,40000,40000,40000,40000,40000,40000,40000,6,0,4000,12637.54306666427,2612.9088000016054,40266.72889999463,218.0
1783172442,3,,Aggregated,0.000000,0.000000,12000,12000,13000,13000,40000,40000,40000,40000,40000,40000,40000,6,0,4000,12637.54306666427,2612.9088000016054,40266.72889999463,218.0
1783172443,3,,Aggregated,0.000000,0.000000,12000,12000,13000,13000,40000,40000,40000,40000,40000,40000,40000,6,0,4000,12637.54306666427,2612.9088000016054,40266.72889999463,218.0
1783172444,3,,Aggregated,0.000000,0.000000,12000,12000,13000,13000,40000,40000,40000,40000,40000,40000,40000,6,0,4000,12637.54306666427,2612.9088000016054,40266.72889999463,218.0
1783172445,3,,Aggregated,0.000000,0.000000,12000,12000,13000,13000,40000,40000,40000,40000,40000,40000,40000,6,0,4000,12637.54306666427,2612.9088000016054,40266.72889999463,218.0
1783172446,3,,Aggregated,0.000000,0.000000,12000,12000,13000,13000,40000,40000,40000,40000,40000,40000,40000,6,0,4000,12637.54306666427,2612.9088000016054,40266.72889999463,218.0
1783172447,3,,Aggregated,0.000000,0.000000,12000,12000,13000,13000,40000,40000,40000,40000,40000,40000,40000,6,0,4000,12637.54306666427,2612.9088000016054,40266.72889999463,218.0
1783172448,3,,Aggregated,0.000000,0.000000,12000,12000,13000,13000,40000,40000,40000,40000,40000,40000,40000,6,0,4000,12637.54306666427,2612.9088000016054,40266.72889999463,218.0
1783172449,3,,Aggregated,0.000000,0.000000,13000,40000,87000,87000,88000,88000,88000,88000,88000,88000,88000,8,0,12000,31308.88632499773,2612.9088000016054,87987.56589999539,295.25
1783172450,3,,Aggregated,0.000000,0.000000,13000,40000,87000,87000,88000,88000,88000,88000,88000,88000,88000,8,0,12000,31308.88632499773,2612.9088000016054,87987.56589999539,295.25
1783172451,3,,Aggregated,0.000000,0.000000,13000,40000,87000,87000,88000,88000,88000,88000,88000,88000,88000,8,0,12000,31308.88632499773,2612.9088000016054,87987.56589999539,295.25
1783172452,3,,Aggregated,0.000000,0.000000,13000,40000,87000,87000,88000,88000,88000,88000,88000,88000,88000,8,0,12000,31308.88632499773,2612.9088000016054,87987.56589999539,295.25
1783172453,3,,Aggregated,0.000000,0.000000,13000,40000,87000,87000,88000,88000,88000,88000,88000,88000,88000,8,0,12000,31308.88632499773,2612.9088000016054,87987.56589999539,295.25
1783172454,3,,Aggregated,0.000000,0.000000,13000,40000,87000,87000,88000,88000,88000,88000,88000,88000,88000,8,0,12000,31308.88632499773,2612.9088000016054,87987.56589999539,295.25
